dataset,reference_class,output_class,reference_support,mean_output_probability,positive_output_rate,is_target_diagonal
chapman_test,sinus_rhythm,sinus_rhythm,814,0.9511291846850123,0.9398034398034398,True
chapman_test,sinus_rhythm,sinus_bradycardia,814,0.01632571366056388,0.01597051597051597,False
chapman_test,sinus_rhythm,sinus_tachycardia,814,0.026802217788083536,0.02702702702702703,False
chapman_test,sinus_rhythm,sinus_arrhythmia,814,0.7339393082011055,0.17444717444717445,False
chapman_test,sinus_rhythm,atrial_fibrillation,814,0.02138331972083538,0.0,False
chapman_test,sinus_rhythm,atrial_flutter,814,0.037059558552260445,0.0036855036855036856,False
chapman_test,sinus_bradycardia,sinus_rhythm,1655,0.0724047742307281,0.0030211480362537764,False
chapman_test,sinus_bradycardia,sinus_bradycardia,1655,0.9442673537141995,0.9854984894259818,True
chapman_test,sinus_bradycardia,sinus_tachycardia,1655,0.0048796960047009065,0.0,False
chapman_test,sinus_bradycardia,sinus_arrhythmia,1655,0.528637500013293,0.03625377643504532,False
chapman_test,sinus_bradycardia,atrial_fibrillation,1655,0.015227932354580061,0.0,False
chapman_test,sinus_bradycardia,atrial_flutter,1655,0.02361454779289668,0.004229607250755287,False
chapman_test,sinus_tachycardia,sinus_rhythm,726,0.07460229877015152,0.005509641873278237,False
chapman_test,sinus_tachycardia,sinus_bradycardia,726,0.001728152637174931,0.0013774104683195593,False
chapman_test,sinus_tachycardia,sinus_tachycardia,726,0.9514538713099174,0.9752066115702479,True
chapman_test,sinus_tachycardia,sinus_arrhythmia,726,0.07351044783002755,0.0013774104683195593,False
chapman_test,sinus_tachycardia,atrial_fibrillation,726,0.08024658185603305,0.013774104683195593,False
chapman_test,sinus_tachycardia,atrial_flutter,726,0.09904169174877411,0.03168044077134986,False
chapman_test,sinus_arrhythmia,sinus_rhythm,255,0.6148164494,0.49411764705882355,False
chapman_test,sinus_arrhythmia,sinus_bradycardia,255,0.24663693514577253,0.2784313725490196,False
chapman_test,sinus_arrhythmia,sinus_tachycardia,255,0.023427128616784313,0.0196078431372549,False
chapman_test,sinus_arrhythmia,sinus_arrhythmia,255,0.82253056096,0.45098039215686275,True
chapman_test,sinus_arrhythmia,atrial_fibrillation,255,0.028916368026470587,0.0,False
chapman_test,sinus_arrhythmia,atrial_flutter,255,0.05441472734705882,0.01568627450980392,False
chapman_test,atrial_fibrillation,sinus_rhythm,178,0.004819864902606741,0.0,False
chapman_test,atrial_fibrillation,sinus_bradycardia,178,0.0015350504833089888,0.0,False
chapman_test,atrial_fibrillation,sinus_tachycardia,178,0.022068742262528092,0.0056179775280898875,False
chapman_test,atrial_fibrillation,sinus_arrhythmia,178,0.006364437691067416,0.0,False
chapman_test,atrial_fibrillation,atrial_fibrillation,178,0.8697767260112359,0.8146067415730337,True
chapman_test,atrial_fibrillation,atrial_flutter,178,0.930803707022472,1.0,False
chapman_test,atrial_flutter,sinus_rhythm,806,0.012968904044949752,0.0024813895781637717,False
chapman_test,atrial_flutter,sinus_bradycardia,806,0.006051057246656328,0.007444168734491315,False
chapman_test,atrial_flutter,sinus_tachycardia,806,0.03421687460342431,0.019851116625310174,False
chapman_test,atrial_flutter,sinus_arrhythmia,806,0.01477300362848387,0.0,False
chapman_test,atrial_flutter,atrial_fibrillation,806,0.8078303848081886,0.6401985111662531,False
chapman_test,atrial_flutter,atrial_flutter,806,0.9275429268982631,0.9751861042183623,True
ptbxl_external,sinus_rhythm,sinus_rhythm,1674,0.799220252483482,0.7771804062126643,True
ptbxl_external,sinus_rhythm,sinus_bradycardia,1674,0.15524989161858302,0.16248506571087215,False
ptbxl_external,sinus_rhythm,sinus_tachycardia,1674,0.022083978044599762,0.01971326164874552,False
ptbxl_external,sinus_rhythm,sinus_arrhythmia,1674,0.6753035662314576,0.11648745519713262,False
ptbxl_external,sinus_rhythm,atrial_fibrillation,1674,0.03984174281108721,0.004181600955794504,False
ptbxl_external,sinus_rhythm,atrial_flutter,1674,0.07080515743294744,0.019115890083632018,False
ptbxl_external,sinus_bradycardia,sinus_rhythm,64,0.077658311405625,0.03125,False
ptbxl_external,sinus_bradycardia,sinus_bradycardia,64,0.9358286924051562,0.96875,True
ptbxl_external,sinus_bradycardia,sinus_tachycardia,64,0.009104203478125,0.0,False
ptbxl_external,sinus_bradycardia,sinus_arrhythmia,64,0.66041602171875,0.046875,False
ptbxl_external,sinus_bradycardia,atrial_fibrillation,64,0.035072640767187496,0.0,False
ptbxl_external,sinus_bradycardia,atrial_flutter,64,0.0446880231734375,0.0,False
ptbxl_external,sinus_tachycardia,sinus_rhythm,82,0.046627481563341455,0.012195121951219513,False
ptbxl_external,sinus_tachycardia,sinus_bradycardia,82,0.0008206666322195123,0.0,False
ptbxl_external,sinus_tachycardia,sinus_tachycardia,82,0.9438737052073172,0.9634146341463414,True
ptbxl_external,sinus_tachycardia,sinus_arrhythmia,82,0.04188749369634146,0.0,False
ptbxl_external,sinus_tachycardia,atrial_fibrillation,82,0.11170473612621953,0.024390243902439025,False
ptbxl_external,sinus_tachycardia,atrial_flutter,82,0.11949821054573169,0.024390243902439025,False
ptbxl_external,sinus_arrhythmia,sinus_rhythm,77,0.7996922604298701,0.7532467532467533,False
ptbxl_external,sinus_arrhythmia,sinus_bradycardia,77,0.12098120271696108,0.14285714285714285,False
ptbxl_external,sinus_arrhythmia,sinus_tachycardia,77,0.011868888787142859,0.0,False
ptbxl_external,sinus_arrhythmia,sinus_arrhythmia,77,0.7750294144155844,0.22077922077922077,True
ptbxl_external,sinus_arrhythmia,atrial_fibrillation,77,0.02873439277012987,0.0,False
ptbxl_external,sinus_arrhythmia,atrial_flutter,77,0.07977008827272726,0.012987012987012988,False
ptbxl_external,atrial_fibrillation,sinus_rhythm,152,0.04396643223914474,0.02631578947368421,False
ptbxl_external,atrial_fibrillation,sinus_bradycardia,152,0.012022403346282894,0.006578947368421052,False
ptbxl_external,atrial_fibrillation,sinus_tachycardia,152,0.03642881729276316,0.02631578947368421,False
ptbxl_external,atrial_fibrillation,sinus_arrhythmia,152,0.04883227545111842,0.013157894736842105,False
ptbxl_external,atrial_fibrillation,atrial_fibrillation,152,0.8056137384796053,0.6776315789473685,True
ptbxl_external,atrial_fibrillation,atrial_flutter,152,0.8802294894888159,0.9078947368421053,False
ptbxl_external,atrial_flutter,sinus_rhythm,7,0.14379535968285714,0.14285714285714285,False
ptbxl_external,atrial_flutter,sinus_bradycardia,7,0.00044655840857142854,0.0,False
ptbxl_external,atrial_flutter,sinus_tachycardia,7,0.020958191957142856,0.0,False
ptbxl_external,atrial_flutter,sinus_arrhythmia,7,0.07033368286857143,0.0,False
ptbxl_external,atrial_flutter,atrial_fibrillation,7,0.6860402840857143,0.5714285714285714,False
ptbxl_external,atrial_flutter,atrial_flutter,7,0.8218107097142857,0.8571428571428571,True
