dataset,class_name,calibration,bin_lower,bin_upper,count,mean_probability,observed_rate
chapman_test,sinus_rhythm,raw,0.0,0.1,3347,0.012120972819730506,0.005079175380938153
chapman_test,sinus_rhythm,raw,0.1,0.2,130,0.14739895329230768,0.06153846153846154
chapman_test,sinus_rhythm,raw,0.2,0.30000000000000004,45,0.24599170866666667,0.2222222222222222
chapman_test,sinus_rhythm,raw,0.30000000000000004,0.4,43,0.3516940125581395,0.20930232558139536
chapman_test,sinus_rhythm,raw,0.4,0.5,33,0.45191981090909095,0.30303030303030304
chapman_test,sinus_rhythm,raw,0.5,0.6000000000000001,35,0.5586454885714285,0.37142857142857144
chapman_test,sinus_rhythm,raw,0.6000000000000001,0.7000000000000001,31,0.6439153629032259,0.41935483870967744
chapman_test,sinus_rhythm,raw,0.7000000000000001,0.8,55,0.7527638485454546,0.6
chapman_test,sinus_rhythm,raw,0.8,0.9,88,0.8657001276136363,0.6704545454545454
chapman_test,sinus_rhythm,raw,0.9,1.0,708,0.9751456072316383,0.9067796610169492
chapman_test,sinus_rhythm,temperature_scaled,0.0,0.1,3278,0.016059428261838062,0.004881025015253203
chapman_test,sinus_rhythm,temperature_scaled,0.1,0.2,170,0.1417805189567961,0.041176470588235294
chapman_test,sinus_rhythm,temperature_scaled,0.2,0.30000000000000004,64,0.23919193114520493,0.140625
chapman_test,sinus_rhythm,temperature_scaled,0.30000000000000004,0.4,45,0.3473511227549833,0.26666666666666666
chapman_test,sinus_rhythm,temperature_scaled,0.4,0.5,41,0.44750226059180404,0.24390243902439024
chapman_test,sinus_rhythm,temperature_scaled,0.5,0.6000000000000001,40,0.5572710491838786,0.35
chapman_test,sinus_rhythm,temperature_scaled,0.6000000000000001,0.7000000000000001,38,0.6528801697980293,0.47368421052631576
chapman_test,sinus_rhythm,temperature_scaled,0.7000000000000001,0.8,51,0.7472630176073835,0.6274509803921569
chapman_test,sinus_rhythm,temperature_scaled,0.8,0.9,112,0.8563896934349259,0.7232142857142857
chapman_test,sinus_rhythm,temperature_scaled,0.9,1.0,676,0.9678607926405197,0.9097633136094675
ptbxl_external,sinus_rhythm,raw,0.0,0.1,617,0.015360512534050243,0.44246353322528365
ptbxl_external,sinus_rhythm,raw,0.1,0.2,57,0.14063026536842108,0.5614035087719298
ptbxl_external,sinus_rhythm,raw,0.2,0.30000000000000004,42,0.24646059047619043,0.7857142857142857
ptbxl_external,sinus_rhythm,raw,0.30000000000000004,0.4,35,0.3482370477142857,0.6857142857142857
ptbxl_external,sinus_rhythm,raw,0.4,0.5,32,0.45479705625,0.59375
ptbxl_external,sinus_rhythm,raw,0.5,0.6000000000000001,30,0.5501795916666665,0.6666666666666666
ptbxl_external,sinus_rhythm,raw,0.6000000000000001,0.7000000000000001,41,0.6493925965853659,0.7073170731707317
ptbxl_external,sinus_rhythm,raw,0.7000000000000001,0.8,64,0.75342756671875,0.796875
ptbxl_external,sinus_rhythm,raw,0.8,0.9,115,0.8578706199130435,0.8434782608695652
ptbxl_external,sinus_rhythm,raw,0.9,1.0,1165,0.9759863047124463,0.9407725321888412
ptbxl_external,sinus_rhythm,temperature_scaled,0.0,0.1,600,0.019805288412766794,0.43666666666666665
ptbxl_external,sinus_rhythm,temperature_scaled,0.1,0.2,66,0.14732428853452012,0.6060606060606061
ptbxl_external,sinus_rhythm,temperature_scaled,0.2,0.30000000000000004,43,0.25388042607270483,0.7209302325581395
ptbxl_external,sinus_rhythm,temperature_scaled,0.30000000000000004,0.4,40,0.35300936109622716,0.7
ptbxl_external,sinus_rhythm,temperature_scaled,0.4,0.5,34,0.4567510357650827,0.5882352941176471
ptbxl_external,sinus_rhythm,temperature_scaled,0.5,0.6000000000000001,36,0.5528379774736373,0.6666666666666666
ptbxl_external,sinus_rhythm,temperature_scaled,0.6000000000000001,0.7000000000000001,48,0.6531494112639794,0.6875
ptbxl_external,sinus_rhythm,temperature_scaled,0.7000000000000001,0.8,69,0.7514912126936018,0.8405797101449275
ptbxl_external,sinus_rhythm,temperature_scaled,0.8,0.9,148,0.856364125224925,0.8783783783783784
ptbxl_external,sinus_rhythm,temperature_scaled,0.9,1.0,1114,0.9688180067862255,0.940754039497307
chapman_test,sinus_bradycardia,raw,0.0,0.1,2741,0.0039013801431966436,0.0021889821233126595
chapman_test,sinus_bradycardia,raw,0.1,0.2,31,0.14184224270967744,0.0
chapman_test,sinus_bradycardia,raw,0.2,0.30000000000000004,19,0.24327363263157895,0.15789473684210525
chapman_test,sinus_bradycardia,raw,0.30000000000000004,0.4,19,0.34813696894736845,0.21052631578947367
chapman_test,sinus_bradycardia,raw,0.4,0.5,11,0.4489586718181819,0.5454545454545454
chapman_test,sinus_bradycardia,raw,0.5,0.6000000000000001,7,0.5496523528571429,0.0
chapman_test,sinus_bradycardia,raw,0.6000000000000001,0.7000000000000001,15,0.6487365866666667,0.4666666666666667
chapman_test,sinus_bradycardia,raw,0.7000000000000001,0.8,17,0.7549262029411764,0.5294117647058824
chapman_test,sinus_bradycardia,raw,0.8,0.9,26,0.8549208249999999,0.7307692307692307
chapman_test,sinus_bradycardia,raw,0.9,1.0,1629,0.9955260662860651,0.9840392879066913
chapman_test,sinus_bradycardia,temperature_scaled,0.0,0.1,2721,0.00569706892913969,0.001470047776552738
chapman_test,sinus_bradycardia,temperature_scaled,0.1,0.2,44,0.13757176740705923,0.045454545454545456
chapman_test,sinus_bradycardia,temperature_scaled,0.2,0.30000000000000004,23,0.24758407977636437,0.13043478260869565
chapman_test,sinus_bradycardia,temperature_scaled,0.30000000000000004,0.4,19,0.34906799419201895,0.15789473684210525
chapman_test,sinus_bradycardia,temperature_scaled,0.4,0.5,14,0.44526155595976086,0.5
chapman_test,sinus_bradycardia,temperature_scaled,0.5,0.6000000000000001,8,0.5498250365219957,0.125
chapman_test,sinus_bradycardia,temperature_scaled,0.6000000000000001,0.7000000000000001,16,0.6410073918038848,0.4375
chapman_test,sinus_bradycardia,temperature_scaled,0.7000000000000001,0.8,22,0.7489874016138619,0.5
chapman_test,sinus_bradycardia,temperature_scaled,0.8,0.9,34,0.8638596499341333,0.7941176470588235
chapman_test,sinus_bradycardia,temperature_scaled,0.9,1.0,1614,0.99388887427679,0.9863692688971499
ptbxl_external,sinus_bradycardia,raw,0.0,0.1,1674,0.005724886620327957,0.0005973715651135006
ptbxl_external,sinus_bradycardia,raw,0.1,0.2,35,0.14771299371428573,0.0
ptbxl_external,sinus_bradycardia,raw,0.2,0.30000000000000004,24,0.2435013666666667,0.0
ptbxl_external,sinus_bradycardia,raw,0.30000000000000004,0.4,13,0.35114385307692303,0.0
ptbxl_external,sinus_bradycardia,raw,0.4,0.5,17,0.4577527852941176,0.0
ptbxl_external,sinus_bradycardia,raw,0.5,0.6000000000000001,16,0.555457543125,0.0
ptbxl_external,sinus_bradycardia,raw,0.6000000000000001,0.7000000000000001,23,0.656412492173913,0.043478260869565216
ptbxl_external,sinus_bradycardia,raw,0.7000000000000001,0.8,15,0.7509866306666667,0.0
ptbxl_external,sinus_bradycardia,raw,0.8,0.9,26,0.8536151892307693,0.0
ptbxl_external,sinus_bradycardia,raw,0.9,1.0,355,0.9890311265915495,0.17464788732394365
ptbxl_external,sinus_bradycardia,temperature_scaled,0.0,0.1,1655,0.008105339587596981,0.0006042296072507553
ptbxl_external,sinus_bradycardia,temperature_scaled,0.1,0.2,44,0.14102468630240553,0.0
ptbxl_external,sinus_bradycardia,temperature_scaled,0.2,0.30000000000000004,31,0.24652854950867645,0.0
ptbxl_external,sinus_bradycardia,temperature_scaled,0.30000000000000004,0.4,14,0.35096108149741634,0.0
ptbxl_external,sinus_bradycardia,temperature_scaled,0.4,0.5,19,0.45737077161470185,0.0
ptbxl_external,sinus_bradycardia,temperature_scaled,0.5,0.6000000000000001,18,0.5535282035715319,0.0
ptbxl_external,sinus_bradycardia,temperature_scaled,0.6000000000000001,0.7000000000000001,22,0.6453126819781774,0.045454545454545456
ptbxl_external,sinus_bradycardia,temperature_scaled,0.7000000000000001,0.8,22,0.7496807785604124,0.0
ptbxl_external,sinus_bradycardia,temperature_scaled,0.8,0.9,30,0.8600539032216584,0.06666666666666667
ptbxl_external,sinus_bradycardia,temperature_scaled,0.9,1.0,343,0.9872340442377247,0.1749271137026239
chapman_test,sinus_tachycardia,raw,0.0,0.1,3662,0.004350364750457673,0.001365374112506827
chapman_test,sinus_tachycardia,raw,0.1,0.2,42,0.14087139742857144,0.047619047619047616
chapman_test,sinus_tachycardia,raw,0.2,0.30000000000000004,18,0.24186851222222228,0.05555555555555555
chapman_test,sinus_tachycardia,raw,0.30000000000000004,0.4,17,0.33465393411764705,0.23529411764705882
chapman_test,sinus_tachycardia,raw,0.4,0.5,15,0.43815195400000007,0.26666666666666666
chapman_test,sinus_tachycardia,raw,0.5,0.6000000000000001,5,0.566228272,0.2
chapman_test,sinus_tachycardia,raw,0.6000000000000001,0.7000000000000001,11,0.6448978218181819,0.36363636363636365
chapman_test,sinus_tachycardia,raw,0.7000000000000001,0.8,16,0.752191478125,0.5
chapman_test,sinus_tachycardia,raw,0.8,0.9,28,0.8558075639285716,0.5357142857142857
chapman_test,sinus_tachycardia,raw,0.9,1.0,701,0.9947456351212552,0.9700427960057061
chapman_test,sinus_tachycardia,temperature_scaled,0.0,0.1,3640,0.007102793889548172,0.001098901098901099
chapman_test,sinus_tachycardia,temperature_scaled,0.1,0.2,58,0.14592082537305343,0.05172413793103448
chapman_test,sinus_tachycardia,temperature_scaled,0.2,0.30000000000000004,20,0.2472041546913565,0.0
chapman_test,sinus_tachycardia,temperature_scaled,0.30000000000000004,0.4,20,0.3442671762016564,0.25
chapman_test,sinus_tachycardia,temperature_scaled,0.4,0.5,16,0.44368665139577257,0.25
chapman_test,sinus_tachycardia,temperature_scaled,0.5,0.6000000000000001,7,0.5682063738767905,0.2857142857142857
chapman_test,sinus_tachycardia,temperature_scaled,0.6000000000000001,0.7000000000000001,12,0.6447482540108106,0.5
chapman_test,sinus_tachycardia,temperature_scaled,0.7000000000000001,0.8,19,0.7495230300104887,0.3684210526315789
chapman_test,sinus_tachycardia,temperature_scaled,0.8,0.9,29,0.8467394902596206,0.6551724137931034
chapman_test,sinus_tachycardia,temperature_scaled,0.9,1.0,694,0.9921420133705146,0.9711815561959655
ptbxl_external,sinus_tachycardia,raw,0.0,0.1,2035,0.004401588839597051,0.0009828009828009828
ptbxl_external,sinus_tachycardia,raw,0.1,0.2,18,0.14067444583333336,0.05555555555555555
ptbxl_external,sinus_tachycardia,raw,0.2,0.30000000000000004,6,0.22818162166666667,0.16666666666666666
ptbxl_external,sinus_tachycardia,raw,0.30000000000000004,0.4,6,0.37168601500000004,0.0
ptbxl_external,sinus_tachycardia,raw,0.4,0.5,5,0.4433105299999999,0.0
ptbxl_external,sinus_tachycardia,raw,0.5,0.6000000000000001,5,0.53576957,0.2
ptbxl_external,sinus_tachycardia,raw,0.6000000000000001,0.7000000000000001,4,0.6290290125,0.0
ptbxl_external,sinus_tachycardia,raw,0.7000000000000001,0.8,7,0.7588367171428573,0.14285714285714285
ptbxl_external,sinus_tachycardia,raw,0.8,0.9,8,0.8438782699999999,0.125
ptbxl_external,sinus_tachycardia,raw,0.9,1.0,104,0.9909430973076923,0.7211538461538461
ptbxl_external,sinus_tachycardia,temperature_scaled,0.0,0.1,2023,0.007427377195735863,0.0009886307464162135
ptbxl_external,sinus_tachycardia,temperature_scaled,0.1,0.2,26,0.138841393758983,0.038461538461538464
ptbxl_external,sinus_tachycardia,temperature_scaled,0.2,0.30000000000000004,9,0.23411082046903417,0.1111111111111111
ptbxl_external,sinus_tachycardia,temperature_scaled,0.30000000000000004,0.4,4,0.3575515485788979,0.0
ptbxl_external,sinus_tachycardia,temperature_scaled,0.4,0.5,8,0.4328611350954307,0.0
ptbxl_external,sinus_tachycardia,temperature_scaled,0.5,0.6000000000000001,6,0.541994700261894,0.16666666666666666
ptbxl_external,sinus_tachycardia,temperature_scaled,0.6000000000000001,0.7000000000000001,4,0.6363654391400797,0.0
ptbxl_external,sinus_tachycardia,temperature_scaled,0.7000000000000001,0.8,10,0.7554152486771709,0.1
ptbxl_external,sinus_tachycardia,temperature_scaled,0.8,0.9,6,0.853430876670132,0.16666666666666666
ptbxl_external,sinus_tachycardia,temperature_scaled,0.9,1.0,102,0.9873435981293279,0.7352941176470589
chapman_test,sinus_arrhythmia,raw,0.0,0.1,1731,0.017074525427556324,0.0028885037550548816
chapman_test,sinus_arrhythmia,raw,0.1,0.2,418,0.15229627749282296,0.0023923444976076554
chapman_test,sinus_arrhythmia,raw,0.2,0.30000000000000004,399,0.24872082303258145,0.005012531328320802
chapman_test,sinus_arrhythmia,raw,0.30000000000000004,0.4,347,0.3481984381268012,0.02881844380403458
chapman_test,sinus_arrhythmia,raw,0.4,0.5,264,0.44828505810606056,0.056818181818181816
chapman_test,sinus_arrhythmia,raw,0.5,0.6000000000000001,251,0.5489131814342629,0.099601593625498
chapman_test,sinus_arrhythmia,raw,0.6000000000000001,0.7000000000000001,226,0.6515493282300885,0.08849557522123894
chapman_test,sinus_arrhythmia,raw,0.7000000000000001,0.8,254,0.7481969382283464,0.1062992125984252
chapman_test,sinus_arrhythmia,raw,0.8,0.9,316,0.8534010467088607,0.18037974683544303
chapman_test,sinus_arrhythmia,raw,0.9,1.0,309,0.9441280511003236,0.3074433656957929
chapman_test,sinus_arrhythmia,temperature_scaled,0.0,0.1,1249,0.049515584636489696,0.0008006405124099279
chapman_test,sinus_arrhythmia,temperature_scaled,0.1,0.2,415,0.13724115180658866,0.0024096385542168677
chapman_test,sinus_arrhythmia,temperature_scaled,0.2,0.30000000000000004,400,0.25753595489537046,0.01
chapman_test,sinus_arrhythmia,temperature_scaled,0.30000000000000004,0.4,586,0.3505377924269739,0.005119453924914676
chapman_test,sinus_arrhythmia,temperature_scaled,0.4,0.5,509,0.4468644836906747,0.047151277013752456
chapman_test,sinus_arrhythmia,temperature_scaled,0.5,0.6000000000000001,407,0.5467331961347923,0.09582309582309582
chapman_test,sinus_arrhythmia,temperature_scaled,0.6000000000000001,0.7000000000000001,374,0.6471893037762464,0.10427807486631016
chapman_test,sinus_arrhythmia,temperature_scaled,0.7000000000000001,0.8,347,0.7489376185734827,0.1930835734870317
chapman_test,sinus_arrhythmia,temperature_scaled,0.8,0.9,188,0.840430845107726,0.2712765957446808
chapman_test,sinus_arrhythmia,temperature_scaled,0.9,1.0,40,0.926797025045721,0.7
ptbxl_external,sinus_arrhythmia,raw,0.0,0.1,281,0.023418476466761564,0.0
ptbxl_external,sinus_arrhythmia,raw,0.1,0.2,85,0.15559800883529415,0.011764705882352941
ptbxl_external,sinus_arrhythmia,raw,0.2,0.30000000000000004,91,0.24813200615384615,0.01098901098901099
ptbxl_external,sinus_arrhythmia,raw,0.30000000000000004,0.4,99,0.351442517979798,0.020202020202020204
ptbxl_external,sinus_arrhythmia,raw,0.4,0.5,91,0.4511401154945055,0.03296703296703297
ptbxl_external,sinus_arrhythmia,raw,0.5,0.6000000000000001,174,0.5549698588505748,0.028735632183908046
ptbxl_external,sinus_arrhythmia,raw,0.6000000000000001,0.7000000000000001,257,0.6515409939299611,0.042801556420233464
ptbxl_external,sinus_arrhythmia,raw,0.7000000000000001,0.8,354,0.7518249881920905,0.05084745762711865
ptbxl_external,sinus_arrhythmia,raw,0.8,0.9,488,0.8489689994057377,0.0389344262295082
ptbxl_external,sinus_arrhythmia,raw,0.9,1.0,278,0.9313288021582733,0.06115107913669065
ptbxl_external,sinus_arrhythmia,temperature_scaled,0.0,0.1,176,0.05114050536912062,0.0
ptbxl_external,sinus_arrhythmia,temperature_scaled,0.1,0.2,81,0.1415784768164445,0.0
ptbxl_external,sinus_arrhythmia,temperature_scaled,0.2,0.30000000000000004,85,0.2508438366569676,0.011764705882352941
ptbxl_external,sinus_arrhythmia,temperature_scaled,0.30000000000000004,0.4,144,0.35058309055000614,0.013888888888888888
ptbxl_external,sinus_arrhythmia,temperature_scaled,0.4,0.5,161,0.4513194539509559,0.024844720496894408
ptbxl_external,sinus_arrhythmia,temperature_scaled,0.5,0.6000000000000001,351,0.5545368299529614,0.037037037037037035
ptbxl_external,sinus_arrhythmia,temperature_scaled,0.6000000000000001,0.7000000000000001,515,0.6510759681142689,0.05242718446601942
ptbxl_external,sinus_arrhythmia,temperature_scaled,0.7000000000000001,0.8,520,0.7447458664873998,0.03653846153846154
ptbxl_external,sinus_arrhythmia,temperature_scaled,0.8,0.9,159,0.8318219420921092,0.05660377358490566
ptbxl_external,sinus_arrhythmia,temperature_scaled,0.9,1.0,6,0.9247437944549827,0.3333333333333333
chapman_test,atrial_fibrillation,raw,0.0,0.1,3427,0.004365336163854683,0.0
chapman_test,atrial_fibrillation,raw,0.1,0.2,74,0.14095395278378378,0.02702702702702703
chapman_test,atrial_fibrillation,raw,0.2,0.30000000000000004,62,0.2536163141935483,0.0
chapman_test,atrial_fibrillation,raw,0.30000000000000004,0.4,64,0.357224960625,0.015625
chapman_test,atrial_fibrillation,raw,0.4,0.5,67,0.45010210776119397,0.08955223880597014
chapman_test,atrial_fibrillation,raw,0.5,0.6000000000000001,81,0.5519634071604937,0.16049382716049382
chapman_test,atrial_fibrillation,raw,0.6000000000000001,0.7000000000000001,131,0.651148604351145,0.183206106870229
chapman_test,atrial_fibrillation,raw,0.7000000000000001,0.8,225,0.7544014763111111,0.19111111111111112
chapman_test,atrial_fibrillation,raw,0.8,0.9,365,0.8497784018630137,0.23013698630136986
chapman_test,atrial_fibrillation,raw,0.9,1.0,19,0.9119831226315789,0.2631578947368421
chapman_test,atrial_fibrillation,temperature_scaled,0.0,0.1,3282,0.018442392551767245,0.0
chapman_test,atrial_fibrillation,temperature_scaled,0.1,0.2,135,0.14415014246646007,0.0
chapman_test,atrial_fibrillation,temperature_scaled,0.2,0.30000000000000004,84,0.24369190801928983,0.023809523809523808
chapman_test,atrial_fibrillation,temperature_scaled,0.30000000000000004,0.4,80,0.35140614208693755,0.0
chapman_test,atrial_fibrillation,temperature_scaled,0.4,0.5,113,0.4499775656492602,0.061946902654867256
chapman_test,atrial_fibrillation,temperature_scaled,0.5,0.6000000000000001,158,0.5549772724092863,0.189873417721519
chapman_test,atrial_fibrillation,temperature_scaled,0.6000000000000001,0.7000000000000001,283,0.6554934361101872,0.17667844522968199
chapman_test,atrial_fibrillation,temperature_scaled,0.7000000000000001,0.8,367,0.7435361331665795,0.23160762942779292
chapman_test,atrial_fibrillation,temperature_scaled,0.8,0.9,13,0.8108531019698361,0.3076923076923077
chapman_test,atrial_fibrillation,temperature_scaled,0.9,1.0,0,,
ptbxl_external,atrial_fibrillation,raw,0.0,0.1,1957,0.006453799056980582,0.005109862033725089
ptbxl_external,atrial_fibrillation,raw,0.1,0.2,35,0.14351846885714287,0.05714285714285714
ptbxl_external,atrial_fibrillation,raw,0.2,0.30000000000000004,19,0.25935472947368415,0.10526315789473684
ptbxl_external,atrial_fibrillation,raw,0.30000000000000004,0.4,17,0.35472493411764705,0.29411764705882354
ptbxl_external,atrial_fibrillation,raw,0.4,0.5,15,0.443171414,0.4666666666666667
ptbxl_external,atrial_fibrillation,raw,0.5,0.6000000000000001,17,0.5485262164705883,0.7647058823529411
ptbxl_external,atrial_fibrillation,raw,0.6000000000000001,0.7000000000000001,29,0.6543427051724138,0.6896551724137931
ptbxl_external,atrial_fibrillation,raw,0.7000000000000001,0.8,44,0.7498654979545454,0.8181818181818182
ptbxl_external,atrial_fibrillation,raw,0.8,0.9,58,0.8407807381034483,0.896551724137931
ptbxl_external,atrial_fibrillation,raw,0.9,1.0,7,0.9064464514285715,0.7142857142857143
ptbxl_external,atrial_fibrillation,temperature_scaled,0.0,0.1,1841,0.027548473282582298,0.0038022813688212928
ptbxl_external,atrial_fibrillation,temperature_scaled,0.1,0.2,111,0.13888543699873887,0.02702702702702703
ptbxl_external,atrial_fibrillation,temperature_scaled,0.2,0.30000000000000004,40,0.24511449200988059,0.05
ptbxl_external,atrial_fibrillation,temperature_scaled,0.30000000000000004,0.4,25,0.35472940427564,0.08
ptbxl_external,atrial_fibrillation,temperature_scaled,0.4,0.5,26,0.44787701807653174,0.46153846153846156
ptbxl_external,atrial_fibrillation,temperature_scaled,0.5,0.6000000000000001,34,0.5569711035477171,0.6764705882352942
ptbxl_external,atrial_fibrillation,temperature_scaled,0.6000000000000001,0.7000000000000001,57,0.651533965530408,0.8245614035087719
ptbxl_external,atrial_fibrillation,temperature_scaled,0.7000000000000001,0.8,63,0.7404329134231943,0.8888888888888888
ptbxl_external,atrial_fibrillation,temperature_scaled,0.8,0.9,1,0.8185789954455046,0.0
ptbxl_external,atrial_fibrillation,temperature_scaled,0.9,1.0,0,,
chapman_test,atrial_flutter,raw,0.0,0.1,3231,0.006482654881473228,0.0006190034045187249
chapman_test,atrial_flutter,raw,0.1,0.2,62,0.1384532125967742,0.0
chapman_test,atrial_flutter,raw,0.2,0.30000000000000004,38,0.25300167,0.05263157894736842
chapman_test,atrial_flutter,raw,0.30000000000000004,0.4,20,0.345563669,0.0
chapman_test,atrial_flutter,raw,0.4,0.5,29,0.4477540417241379,0.1724137931034483
chapman_test,atrial_flutter,raw,0.5,0.6000000000000001,24,0.5615139591666667,0.16666666666666666
chapman_test,atrial_flutter,raw,0.6000000000000001,0.7000000000000001,42,0.6484012642857143,0.2619047619047619
chapman_test,atrial_flutter,raw,0.7000000000000001,0.8,41,0.7553269726829268,0.3170731707317073
chapman_test,atrial_flutter,raw,0.8,0.9,104,0.8601848722115384,0.5384615384615384
chapman_test,atrial_flutter,raw,0.9,1.0,924,0.9638966268722944,0.7694805194805194
chapman_test,atrial_flutter,temperature_scaled,0.0,0.1,3111,0.023849022315529933,0.0003214400514304082
chapman_test,atrial_flutter,temperature_scaled,0.1,0.2,130,0.14099005137323645,0.007692307692307693
chapman_test,atrial_flutter,temperature_scaled,0.2,0.30000000000000004,60,0.2434478717948732,0.0
chapman_test,atrial_flutter,temperature_scaled,0.30000000000000004,0.4,41,0.34939095211817756,0.04878048780487805
chapman_test,atrial_flutter,temperature_scaled,0.4,0.5,38,0.4532250654440102,0.13157894736842105
chapman_test,atrial_flutter,temperature_scaled,0.5,0.6000000000000001,46,0.561498896949766,0.17391304347826086
chapman_test,atrial_flutter,temperature_scaled,0.6000000000000001,0.7000000000000001,51,0.6482514383642525,0.27450980392156865
chapman_test,atrial_flutter,temperature_scaled,0.7000000000000001,0.8,95,0.7556307432248787,0.5368421052631579
chapman_test,atrial_flutter,temperature_scaled,0.8,0.9,406,0.8676172024139249,0.7216748768472906
chapman_test,atrial_flutter,temperature_scaled,0.9,1.0,537,0.9215641773149882,0.7988826815642458
ptbxl_external,atrial_flutter,raw,0.0,0.1,1812,0.012704792938692052,0.0005518763796909492
ptbxl_external,atrial_flutter,raw,0.1,0.2,71,0.1392218264788732,0.0
ptbxl_external,atrial_flutter,raw,0.2,0.30000000000000004,31,0.24726476225806449,0.0
ptbxl_external,atrial_flutter,raw,0.30000000000000004,0.4,24,0.35195673833333335,0.0
ptbxl_external,atrial_flutter,raw,0.4,0.5,16,0.449931134375,0.0
ptbxl_external,atrial_flutter,raw,0.5,0.6000000000000001,13,0.5506819284615385,0.0
ptbxl_external,atrial_flutter,raw,0.6000000000000001,0.7000000000000001,10,0.654109112,0.0
ptbxl_external,atrial_flutter,raw,0.7000000000000001,0.8,20,0.7564902485,0.0
ptbxl_external,atrial_flutter,raw,0.8,0.9,35,0.8579416577142858,0.02857142857142857
ptbxl_external,atrial_flutter,raw,0.9,1.0,166,0.9597428045783132,0.030120481927710843
ptbxl_external,atrial_flutter,temperature_scaled,0.0,0.1,1631,0.03569949040733745,0.0006131207847946045
ptbxl_external,atrial_flutter,temperature_scaled,0.1,0.2,191,0.13816725304628114,0.0
ptbxl_external,atrial_flutter,temperature_scaled,0.2,0.30000000000000004,70,0.2434337292157804,0.0
ptbxl_external,atrial_flutter,temperature_scaled,0.30000000000000004,0.4,31,0.34659846353268764,0.0
ptbxl_external,atrial_flutter,temperature_scaled,0.4,0.5,31,0.44340292768598727,0.0
ptbxl_external,atrial_flutter,temperature_scaled,0.5,0.6000000000000001,18,0.5490098928962595,0.0
ptbxl_external,atrial_flutter,temperature_scaled,0.6000000000000001,0.7000000000000001,22,0.6611619175836093,0.0
ptbxl_external,atrial_flutter,temperature_scaled,0.7000000000000001,0.8,30,0.7508677863414274,0.03333333333333333
ptbxl_external,atrial_flutter,temperature_scaled,0.8,0.9,98,0.8648959539469786,0.02040816326530612
ptbxl_external,atrial_flutter,temperature_scaled,0.9,1.0,76,0.9203760349547161,0.039473684210526314
